origin,destination,available_at,end_at,price,duration
871e80500ffffff,871e8051bffffff,607,1247,18.775727585022587,40.331874926965675
871e80435ffffff,871e8051bffffff,1262,1264,7.587815258190304,7.769684732478753
871e80528ffffff,871e8625bffffff,852,970,40.22890616812011,117.50027138265416
871e805b4ffffff,871e80505ffffff,1178,1288,49.52877950297974,112.9361997422536
871e8052cffffff,871e805a6ffffff,1229,1361,50.0153008670992,117.53115861284101
871e80585ffffff,871e80423ffffff,854,892,31.52783677076393,72.56820429146406
871e8051effffff,871e80cdcffffff,573,1057,36.87209169050278,78.68427405439677
871e80528ffffff,871e86258ffffff,863,1293,49.46934079565012,80.79231993648027
871e80528ffffff,871e805a2ffffff,1015,1209,37.05676134529476,81.75622180115465
871e8052dffffff,871e8625affffff,936,1341,52.643025120508334,95.40690315305011
871e805adffffff,871e8050effffff,1167,1295,19.095560977082,42.02556182450466
871e80542ffffff,871e80501ffffff,821,1040,31.08572795975884,64.25483553650562
871e8051cffffff,871e8050cffffff,537,968,13.635108375368306,29.446693576454205
871e80422ffffff,871e8625effffff,1343,1353,51.84547035618678,114.43248457835682
871e8051dffffff,871e805b4ffffff,1137,1241,40.121779539523395,65.12397477668107
871e80551ffffff,871e80509ffffff,653,786,14.176272567604087,27.702272825855314
871e80cd2ffffff,871e80cdaffffff,1102,1178,16.070004631064975,31.920558311856496
871e86259ffffff,871e805a3ffffff,897,1185,16.63616143614258,21.580075902526183
871e86251ffffff,871e8042cffffff,743,1227,55.40728735973228,106.24140300659195
871e8050effffff,871e80519ffffff,868,1211,9.506525377999754,21.54109060175584
871e80cd5ffffff,871e80cd6ffffff,1269,1279,10.779316813487974,20.460939840771985
871e805b1ffffff,871e8625effffff,1190,1356,19.42258442631665,34.16567630966135
871e80574ffffff,871e80421ffffff,1318,1377,26.14009648906212,55.28339704782111
871e86258ffffff,871e80576ffffff,822,1212,47.28482762108001,102.2019799182019
871e80529ffffff,871e80542ffffff,1035,1048,23.078656304556958,35.451795416182705
871e80576ffffff,871e80501ffffff,1005,1180,13.148659175468529,33.209985803552605
871e805aeffffff,871e80cd6ffffff,1022,1318,41.5896608771828,97.16401518498355
871e80555ffffff,871e8051affffff,941,1216,33.474660712887996,65.41092419720877
871e80552ffffff,871e80425ffffff,618,758,7.30448147491817,12.026068334312257
871e8051effffff,871e80405ffffff,733,1022,29.09744069829585,55.92477581892617
871e8052bffffff,871e80502ffffff,761,792,18.73723844924794,31.895623039993517
871e8050cffffff,871e86259ffffff,923,1151,33.21481687628071,72.2412035680133
871e80522ffffff,871e8051bffffff,492,819,25.441155117770165,53.28441115783927
871e80502ffffff,871e8051dffffff,813,958,11.33109917896113,15.970836117192109
871e80509ffffff,871e805b0ffffff,665,1196,48.76324616552569,104.64056197680458
871e80574ffffff,871e805b6ffffff,923,1142,60.593961459140544,131.19160660705504
871e8625bffffff,871e80426ffffff,516,1201,39.91908627930057,95.44018449602606
871e80506ffffff,871e80518ffffff,1029,1268,14.911524042586022,27.802509944365113
871e80424ffffff,871e80531ffffff,1329,1331,23.29934278520727,48.91384549091131
871e80528ffffff,871e8625cffffff,922,950,47.361734058889326,111.04414012060712
871e8625effffff,871e80428ffffff,1001,1017,59.190656530790285,145.78538666372933
871e80524ffffff,871e80572ffffff,535,1102,33.02816362334882,74.2074405423988
871e8042affffff,871e80523ffffff,1103,1228,35.85820147870424,74.06680965066396
871e80501ffffff,871e80505ffffff,955,1204,7.476705308258433,8.707827236289345
871e80556ffffff,871e80502ffffff,904,1190,23.084454155033193,44.269070774404426
871e80501ffffff,871e80405ffffff,900,1010,30.485555547422955,52.97841085538901
871e80524ffffff,871e80550ffffff,991,1138,31.43720710217581,85.53012264357136
871e8052affffff,871e80525ffffff,635,813,15.276636050264907,25.604929390215975
871e80cd3ffffff,871e86258ffffff,993,1168,52.74826789223272,85.61890063918905
871e8625bffffff,871e80525ffffff,715,732,38.35225446174173,98.72464872554379
871e80435ffffff,871e80574ffffff,734,1144,30.812386372616874,83.38425068731874
871e8052bffffff,871e80546ffffff,1173,1278,17.477653152002787,42.89657771922035
871e80574ffffff,871e80502ffffff,1339,1353,23.798343339297027,68.23151691205751
871e80430ffffff,871e80519ffffff,1082,1217,16.684167263792432,33.48824112348596
871e86258ffffff,871e8052dffffff,1369,1370,44.590442038300665,87.30368893316101
871e80574ffffff,871e80425ffffff,896,1361,19.00275161480823,42.802826337585955
871e862e9ffffff,871e86259ffffff,655,1368,16.331439777924793,24.728963550967585
871e8052affffff,871e805adffffff,1037,1289,23.207051531958278,54.501278038949415
871e805a8ffffff,871e8051cffffff,975,1032,14.585813844944255,34.22784961724085
871e80500ffffff,871e80504ffffff,1190,1368,6.885424993767196,7.805913406083744
871e80430ffffff,871e80531ffffff,865,1103,32.11655849422728,83.33509308671375
871e80519ffffff,871e80503ffffff,730,1114,10.916262877908498,19.288578538967695
871e8052affffff,871e862edffffff,951,964,42.401259615320775,109.23458659238372
871e805b1ffffff,871e86253ffffff,841,946,25.549298178388483,33.928048121491884
871e80521ffffff,871e805b6ffffff,1229,1378,49.93330874468414,92.73676716154463
871e80518ffffff,871e80422ffffff,891,926,12.716318189052364,20.776169955971522
871e8052affffff,871e8051dffffff,974,1064,12.599432011284982,22.49241975266307
871e8051dffffff,871e8050bffffff,657,810,10.919915112309845,22.3684533972085
871e80504ffffff,871e8625affffff,1112,1366,43.21791488300687,75.6915389123531
871e80506ffffff,871e80cd0ffffff,1006,1114,21.990252088619307,49.40698377006508
871e80503ffffff,871e80428ffffff,1064,1310,27.986622821508032,49.954965086169345
871e80430ffffff,871e80505ffffff,587,599,30.23138362314578,49.17534820482499
871e80576ffffff,871e8625affffff,878,1284,62.927950750698194,96.87217605596493
871e80428ffffff,871e86251ffffff,959,1044,57.824424585839026,144.2542445612166
871e80550ffffff,871e80519ffffff,779,1139,17.302720892497376,36.648232837466985
871e8050dffffff,871e805b0ffffff,1084,1363,50.645353868034526,93.98041313945309
871e80cdeffffff,871e8052bffffff,1310,1317,14.095401055956337,29.748511161122007
871e80584ffffff,871e80436ffffff,1207,1229,18.058852416640825,38.751379402472686
871e8052cffffff,871e8042effffff,668,879,36.59526808415436,80.35373884902081
871e8050dffffff,871e80503ffffff,508,1022,14.001859801942757,35.31693528454551
871e8625effffff,871e80426ffffff,573,1002,53.131405850797975,82.72696368604974
871e86251ffffff,871e8625cffffff,1137,1175,7.6382659238952275,8.965027796141241
871e8052affffff,871e80423ffffff,755,1235,29.095639571389746,49.80020126296197
871e8051cffffff,871e8050affffff,978,1179,10.584612427048036,19.10626398944707
871e805b3ffffff,871e805a2ffffff,802,1197,11.702928527617058,18.010361013568875
871e80506ffffff,871e8052dffffff,1027,1199,21.922569156652056,51.02537538883461
871e80508ffffff,871e80422ffffff,1104,1295,18.991948094781534,32.53325723764886
871e8050effffff,871e805b5ffffff,1305,1332,33.5144573128897,86.53988213326576
871e805a6ffffff,871e80528ffffff,1321,1339,41.26813156128206,91.83903595192012
871e8052affffff,871e80553ffffff,1284,1327,26.285450937329895,45.637224197312165
871e80585ffffff,871e805a0ffffff,547,844,12.891973564567978,20.632855617422877
871e80cdeffffff,871e80513ffffff,508,807,30.673468108150114,74.96758239706693
871e80529ffffff,871e8051effffff,1279,1318,23.659750356163997,48.60592736599152
871e80520ffffff,871e80420ffffff,540,620,34.145247508098954,67.06259212343699
871e80519ffffff,871e8042affffff,884,991,23.353955744754074,54.914873392925344
871e80518ffffff,871e80505ffffff,662,719,20.442252788469442,36.03717885119495
871e8058cffffff,871e805b5ffffff,1145,1231,21.732568648118114,35.312588075037304
871e80552ffffff,871e8052effffff,837,1229,25.288988556954628,56.581059748081806
871e80c89ffffff,871e862edffffff,701,953,62.03909653909682,111.05531097117849
871e80529ffffff,871e80551ffffff,1059,1257,24.973021040950446,40.60083478271173
871e80504ffffff,871e8052cffffff,1218,1343,13.97833751525426,31.506205850644204
871e8052cffffff,871e80584ffffff,807,1283,46.04271202597615,79.0919491077392
871e80502ffffff,871e805a6ffffff,734,777,22.404383178556603,52.46921608183742
871e8625effffff,871e805a1ffffff,655,868,23.951594763001903,52.698831174344654
871e80520ffffff,871e80cdeffffff,506,918,17.706458112975376,29.903089839433136
871e86253ffffff,871e805b0ffffff,1062,1107,19.16180354866368,29.342331320387984
871e80518ffffff,871e8625cffffff,683,1145,34.12872642256919,62.58557198286074
871e86259ffffff,871e8052cffffff,1312,1329,45.61995079934126,83.05237369111578
871e805b4ffffff,871e80570ffffff,1215,1308,50.65517061173908,151.5632958718826
871e80551ffffff,871e8050cffffff,956,1234,20.012650587061238,53.25967739957762
871e8051cffffff,871e80504ffffff,922,1369,16.340017277578543,24.02553074101322
871e8050affffff,871e8042effffff,1193,1243,18.2987197983976,36.77906444298789
871e805a9ffffff,871e8051dffffff,931,1347,15.839766458813347,27.865174509846472
871e80524ffffff,871e80506ffffff,746,1152,20.231785960728946,33.33039323158946
871e80434ffffff,871e805b0ffffff,888,1189,30.765415945394704,53.81976620742407
871e8051effffff,871e80519ffffff,983,1048,13.515804437887136,17.19483360103115
871e8625effffff,871e80404ffffff,626,1113,47.10518341770548,108.84989812401892
871e805acffffff,871e80423ffffff,1174,1361,25.821123050671048,68.1581253315644
871e8625effffff,871e805b4ffffff,680,1076,11.995309728538622,16.060000139258094
871e862edffffff,871e80580ffffff,974,1361,29.584108739701907,62.59495194915511
871e80428ffffff,871e805a6ffffff,1030,1339,58.744481833397465,107.72660198137115
871e80cd4ffffff,871e80519ffffff,1039,1045,37.36830362107284,85.34025834501448
871e80511ffffff,871e80420ffffff,748,878,18.68630238040413,53.584598679870616
871e80518ffffff,871e80cd4ffffff,531,1025,31.23540020640624,81.16489857344587
871e80542ffffff,871e8051affffff,916,1159,33.42924863957615,92.81395063676909
871e805b3ffffff,871e862edffffff,626,1111,19.508163135897476,36.127239939845985
871e80500ffffff,871e805aaffffff,1251,1351,24.48370416676697,51.65031050699153
871e8050dffffff,871e80435ffffff,1361,1378,21.382679732859035,56.56130209611864
871e80422ffffff,871e80574ffffff,898,1006,26.41993640615424,74.56821070855266
871e80c8bffffff,871e8052bffffff,949,967,25.221148408210517,35.50694320485208
871e80c89ffffff,871e8050affffff,954,1272,38.0286417826255,58.33085976546984
871e805adffffff,871e8050dffffff,1161,1275,29.306079634071143,56.64429790914195
871e8050cffffff,871e80542ffffff,1379,1380,24.82211543875449,51.937304463928
871e8625bffffff,871e8051affffff,889,1249,25.726442701110834,55.31241942265323
871e8625affffff,871e8052affffff,779,1133,45.18551087924793,110.92675362727657
871e805a6ffffff,871e80405ffffff,965,1057,49.477252668396886,93.96823420499732
871e80552ffffff,871e8050dffffff,1081,1127,14.452077461699414,26.681136852044705
871e805b4ffffff,871e8042cffffff,539,1114,62.49577190729215,112.61908791321942
871e8052cffffff,871e80576ffffff,1230,1305,13.706451302744313,22.413285737227632
871e8052affffff,871e8625cffffff,1209,1356,39.317892119307935,104.38079770839308
871e8052bffffff,871e80531ffffff,1362,1372,19.881486788479272,36.18976662087784
871e80554ffffff,871e80531ffffff,1289,1375,32.77296253089199,60.44989666981276
871e80422ffffff,871e80404ffffff,712,1056,7.9883672592647015,10.885146392351784
871e8050affffff,871e80428ffffff,1148,1361,19.338573753240933,34.7311686391016
871e80506ffffff,871e80422ffffff,595,1107,26.714182131714228,45.24892231491798
871e80550ffffff,871e80cdaffffff,913,1232,26.1099058532013,47.94821360513347
871e805a1ffffff,871e8042affffff,1120,1365,36.48496367223744,68.26601634669935
871e8050effffff,871e80420ffffff,1037,1207,13.74531834031714,37.18440501963447
871e805b6ffffff,871e80425ffffff,1175,1358,53.89662675808196,112.3964485563236
871e86258ffffff,871e8050cffffff,583,941,41.24680863800691,79.11756401472809
871e862e9ffffff,871e8058cffffff,863,911,28.643664163082875,49.45937980863066
871e80cd3ffffff,871e805b3ffffff,733,838,64.15003311138604,127.12915618829395
871e80500ffffff,871e80cd2ffffff,1181,1376,19.92526454231482,29.95395305255066
871e8050cffffff,871e80551ffffff,938,939,22.462930849827575,37.075127330393414
871e80552ffffff,871e8625affffff,1017,1235,63.4881761693005,107.4592593853728
871e805a9ffffff,871e80cc2ffffff,794,1057,42.08383957889172,94.88607645432377
871e8052dffffff,871e80521ffffff,1216,1369,13.54167185781749,23.58235853430254
871e8050cffffff,871e80505ffffff,1299,1340,11.819216696181662,16.33033607149501
871e80551ffffff,871e80cdcffffff,1260,1308,32.00471577774232,83.76393538562532
871e86259ffffff,871e805a0ffffff,1319,1322,11.918997553339349,19.291341369836186
871e8051affffff,871e8051bffffff,646,944,7.818185651687277,11.171363295843692
871e805acffffff,871e86251ffffff,1155,1158,30.487679610599027,56.50435082629347
871e8052cffffff,871e8052dffffff,827,889,6.7761766487482715,12.134279974368773
871e805b5ffffff,871e805b1ffffff,1287,1351,8.137922288586001,11.496277850163384
871e8625cffffff,871e80572ffffff,1247,1267,57.27471662165291,119.0174011362079
871e80428ffffff,871e8042effffff,681,1028,6.751185050666097,10.840039471391284
871e80502ffffff,871e8051cffffff,625,922,6.879577842412285,7.949868753981107
871e86251ffffff,871e80cc2ffffff,793,986,55.73563095725994,162.8734562682925
871e8625cffffff,871e8050bffffff,1068,1380,48.885903006839854,87.03502984469473
871e80529ffffff,871e80cd6ffffff,1081,1246,17.56271932490805,41.28694211973645
871e80503ffffff,871e80405ffffff,1210,1348,26.41658744088759,64.2457851041683
871e86253ffffff,871e80528ffffff,1203,1304,58.161641227711364,113.40687553183416
871e80425ffffff,871e8625bffffff,1183,1189,44.84227528450422,88.60131399824
871e80423ffffff,871e86258ffffff,812,1050,55.291238306951605,107.99666657926956
871e80421ffffff,871e8625bffffff,944,1158,50.15326773914079,112.05308931418035
871e8042cffffff,871e80528ffffff,659,1014,31.300897934096373,51.89048871306462
871e8042cffffff,871e80424ffffff,559,927,16.24266128944292,24.668842548536063
871e8050affffff,871e80519ffffff,925,1233,6.702363071669648,11.752507532056798
871e80436ffffff,871e80528ffffff,675,1152,37.05267583078328,64.37921250191337
871e80511ffffff,871e80529ffffff,873,1212,23.07511139706261,56.67996567775154
871e86253ffffff,871e8051cffffff,774,1090,42.808262333472015,99.63804915237517
871e8050bffffff,871e8052bffffff,1285,1323,13.711879861483254,28.020958671971297
871e80404ffffff,871e8050dffffff,1162,1219,26.67388201602328,62.26336737009416
871e80508ffffff,871e80420ffffff,746,1202,13.594782194330202,23.458336953784297
871e8050affffff,871e80405ffffff,576,781,22.693238952370134,33.58883420856293
871e805a2ffffff,871e8050affffff,481,1355,38.99112047536478,93.46829551446841
871e80519ffffff,871e80505ffffff,1155,1360,21.48172427428017,30.74407642994345
871e80500ffffff,871e8042cffffff,765,863,31.09500787543308,53.512490980950446
871e80422ffffff,871e80504ffffff,687,1327,25.506595674187345,48.37544708086231
871e80521ffffff,871e80572ffffff,505,653,25.573342755542892,41.59072240600258
871e805b4ffffff,871e86253ffffff,870,1352,14.971584722477113,21.072566896154004
871e80404ffffff,871e80424ffffff,1148,1179,13.641877553375352,21.355842175022335
871e8050cffffff,871e8052cffffff,613,1139,16.386587195790092,26.32878535195309
871e805b6ffffff,871e80425ffffff,580,1033,54.24191365337659,119.54560473753054
871e80551ffffff,871e8052dffffff,739,833,22.75229627410294,71.35580555622141
871e86259ffffff,871e80574ffffff,642,1050,52.24168926660364,88.64786719118806
871e805b5ffffff,871e80584ffffff,1276,1325,10.78333033201097,18.466684203109264
871e80424ffffff,871e8050effffff,619,1086,12.256841593659164,17.786264865452797
871e80434ffffff,871e805a6ffffff,1261,1327,26.930172327781154,69.92736898797287
871e8052dffffff,871e80506ffffff,1291,1368,23.457483727901142,46.797480092186916
871e8625bffffff,871e8050dffffff,531,1154,48.18231338139448,86.89876857560238
871e80504ffffff,871e8052bffffff,920,984,14.791351966897416,38.37101512181812
871e8050affffff,871e805b0ffffff,1058,1195,37.655265416099965,86.34046755484158
871e805b6ffffff,871e8042cffffff,863,1063,58.5011613379771,107.58526142555732
871e8042cffffff,871e8625affffff,611,1294,48.84905352489721,154.74169711374813
871e80435ffffff,871e80506ffffff,733,843,28.019584291392214,39.71705262217296
871e80519ffffff,871e80435ffffff,737,872,11.344789145252529,16.40049775241713
871e8052bffffff,871e8042affffff,671,673,26.28559815941553,62.99723979680224
871e80cd6ffffff,871e8051dffffff,1365,1368,28.527493853139376,56.93918299224662
871e8625effffff,871e80436ffffff,488,687,36.237557980530646,69.42562903139674
871e80520ffffff,871e80424ffffff,1317,1324,31.94845681697329,48.29896018772654
871e80518ffffff,871e80551ffffff,1253,1291,27.378719296859714,60.01127968205632
871e86258ffffff,871e80cd4ffffff,969,1143,49.270429578702526,108.21102383407823
871e80525ffffff,871e805b5ffffff,1211,1362,45.411998963180324,126.34282958896081
871e80430ffffff,871e80529ffffff,808,990,40.740718946388476,57.620008139275086
871e80502ffffff,871e8052affffff,730,1231,13.951269122872118,31.741025194138338
871e86259ffffff,871e8052effffff,962,1224,43.78777058802037,98.62764489694665
871e8051affffff,871e8050affffff,1233,1319,16.510985088526404,34.71996845674178
871e8052cffffff,871e8050affffff,507,773,24.23637122539215,41.72563546613071
871e8052cffffff,871e8051bffffff,640,1178,30.676955942029334,61.3147754333563
871e8042affffff,871e80508ffffff,739,774,26.980150361154724,48.2818405639224
871e80508ffffff,871e80421ffffff,587,1358,17.65181312417498,34.9834633817752
871e8042effffff,871e8050cffffff,1135,1251,22.10636384530927,40.06102453482346
871e8051dffffff,871e805b5ffffff,1058,1309,31.604137258129867,78.58513564226175
871e80581ffffff,871e80424ffffff,745,950,30.74161880943673,60.029561476979836
871e805adffffff,871e80531ffffff,960,1137,23.97548101305759,48.88290061822913
871e80518ffffff,871e80cdaffffff,510,813,32.25185530633373,52.454392731731886
871e80428ffffff,871e80519ffffff,1320,1361,22.459423411909615,53.02383289829228
871e8058cffffff,871e805adffffff,1205,1335,15.738441921277806,25.32784637302994
871e80506ffffff,871e80551ffffff,891,997,32.590935978803465,62.10895019223305
871e86258ffffff,871e80505ffffff,1336,1346,42.15450702872607,66.0372780394118
871e805b1ffffff,871e80424ffffff,859,1339,33.92895856041672,81.41606587369684
871e80434ffffff,871e80522ffffff,498,547,34.156271534785574,59.64006305524665
871e8625effffff,871e80515ffffff,946,1185,30.058600791003038,65.02862062740047
871e8051bffffff,871e8050bffffff,971,1164,15.398034714942357,23.440313138630028
871e80519ffffff,871e80574ffffff,1101,1163,27.49547833387072,43.91066503488473
871e80570ffffff,871e86251ffffff,708,1303,53.13891086091287,115.97105375983054
871e80436ffffff,871e8051affffff,1182,1212,10.165839210303165,16.384719078606
871e80522ffffff,871e80500ffffff,1026,1062,10.161055910709141,15.93743920791222
871e80431ffffff,871e805b6ffffff,1242,1360,47.263317501638376,84.25730172006256
871e8051dffffff,871e80522ffffff,735,772,21.38749743620368,31.06395484382235
871e80572ffffff,871e80502ffffff,1328,1367,21.32792800437792,39.31838585115449
871e80426ffffff,871e80524ffffff,809,1262,37.94695520726555,85.05659434409873
871e80404ffffff,871e8051dffffff,1183,1222,23.142161067738492,45.75170871084732
871e8050affffff,871e80576ffffff,1020,1244,15.331854594335109,24.041963277047973
871e80586ffffff,871e805b6ffffff,1162,1246,13.956430624374066,22.76226271393017
871e805b6ffffff,871e80422ffffff,785,1262,39.8751903809969,81.12391945583977
871e80421ffffff,871e8050affffff,997,1068,14.233673598723858,27.418065099820577
871e80522ffffff,871e86253ffffff,718,1341,38.47102014945586,71.04606948815032
871e80553ffffff,871e80529ffffff,1250,1342,22.39582909876123,46.45526926212447
871e8625affffff,871e8625effffff,801,837,7.996483795710417,8.695183063015703
871e80570ffffff,871e86253ffffff,1087,1272,73.78111223262223,160.22271247321086
871e80523ffffff,871e80420ffffff,1099,1265,31.117016982837352,48.93244632568575
871e8625cffffff,871e805abffffff,651,1260,33.53419792123869,65.21974650282199
871e805b3ffffff,871e80553ffffff,515,1062,58.92631787650789,93.47381471686285
871e80523ffffff,871e80528ffffff,488,932,12.448154750254828,22.27843892115523
871e8051effffff,871e80424ffffff,834,1140,18.669609364267085,36.60190815348792
871e8050effffff,871e8050cffffff,732,1060,7.743272368632931,9.726184327435384
871e80503ffffff,871e80513ffffff,562,1035,14.728155584066453,21.266382636866453
871e8051cffffff,871e8050affffff,879,1031,10.58443442682155,19.608246460228845
871e8050effffff,871e80522ffffff,1141,1342,16.181616936757024,42.31872156640693
871e8050cffffff,871e805b4ffffff,881,894,46.58936432916905,96.2665857911593
871e86258ffffff,871e80521ffffff,886,1223,42.44063079324243,70.64006455797845
871e8052dffffff,871e8051dffffff,492,1120,25.54083962322858,39.67167720407464
871e8050bffffff,871e8051cffffff,1178,1225,17.133272146823217,29.457042720442587
871e86259ffffff,871e8042effffff,1077,1136,47.89103981817726,97.77045308198166
871e8051dffffff,871e80513ffffff,523,1360,14.873512947326708,29.517740231105435
871e80501ffffff,871e805a8ffffff,1245,1292,29.164021200322054,62.75993927557589
871e86253ffffff,871e80503ffffff,1115,1197,49.48322927339475,112.25322030770096
871e8051cffffff,871e8625affffff,832,1070,37.33127094525059,72.19917152425552
871e8051affffff,871e80434ffffff,1113,1218,8.133021689342051,8.241647596877627
871e8050affffff,871e80521ffffff,621,1242,24.76655664844482,46.45160911001067
871e8625effffff,871e80573ffffff,1312,1329,68.35489176765742,113.92982573292815
871e8052affffff,871e80420ffffff,619,905,22.690899893752512,35.681604470866986
871e8050cffffff,871e80423ffffff,1356,1364,21.426678652419263,36.02113862890964
871e86259ffffff,871e805adffffff,1072,1131,24.004527249770625,59.303495448501785
871e80cd4ffffff,871e8042affffff,493,881,45.0372174490345,103.13714244115232
871e805abffffff,871e805a6ffffff,733,1118,21.538322253676146,35.61481530728789
871e80421ffffff,871e80431ffffff,1136,1229,16.811443335652314,22.426642744694842
871e80502ffffff,871e8052effffff,727,844,15.564110895513004,27.710646851737277
871e8042affffff,871e805a9ffffff,536,713,30.085376920437422,72.59241514924838
871e8058cffffff,871e8051cffffff,1149,1208,22.01995548831372,56.901547457835925
871e805aeffffff,871e8051cffffff,1058,1347,19.90682352237562,45.409288900890715
871e8625effffff,871e80cd2ffffff,858,1001,44.901026255580746,96.11394246196213
871e80505ffffff,871e80576ffffff,1281,1356,15.85967628713627,29.019532881862265
871e80502ffffff,871e80550ffffff,762,845,23.89020416940085,61.23642734842856
871e8052effffff,871e80511ffffff,886,1068,23.171088604874804,35.708012421122284
871e80521ffffff,871e8050affffff,1050,1313,26.572939706740772,36.939213544516356
871e8625affffff,871e80521ffffff,733,1365,49.88771975633758,93.17631049436737
871e80542ffffff,871e80cd5ffffff,709,1342,41.39867765191058,73.7688951824315
871e80553ffffff,871e80506ffffff,750,1167,38.10253995821481,56.70559177142172
871e862e9ffffff,871e805b5ffffff,904,960,11.373500353052124,20.156143042580805
871e80425ffffff,871e80424ffffff,982,1109,8.267598882001417,12.887696626361489
871e8042effffff,871e8051cffffff,1196,1232,27.65861058125193,66.0602208234485
871e80422ffffff,871e805aaffffff,531,643,24.574954298935584,58.63049067513094
871e80509ffffff,871e8042effffff,1165,1295,18.322812801293267,34.74756459099859
871e80505ffffff,871e80cdeffffff,1180,1250,18.84547180530773,29.505139285265827
871e805a2ffffff,871e80cdeffffff,657,942,48.70875456791394,111.852832683023
871e80552ffffff,871e805a6ffffff,935,960,42.753115168055594,124.71266075350267
871e86259ffffff,871e80515ffffff,1051,1300,20.56163066604334,35.1906702769803
871e86258ffffff,871e80431ffffff,870,1262,40.09180091790641,85.90719510873566
871e80430ffffff,871e8625effffff,885,1104,46.20584898754401,85.49992581039359
871e805a0ffffff,871e8051dffffff,1260,1368,26.228003820511177,57.3781441276511
871e80505ffffff,871e805b4ffffff,700,1013,39.716912631453525,83.67556217717461
871e80cd4ffffff,871e8051bffffff,1091,1203,39.72823836540493,96.66495189839355
871e805aeffffff,871e80504ffffff,546,988,31.344059571488756,66.80190969019645
871e805b1ffffff,871e80405ffffff,1351,1359,41.29699449500705,110.31711165646165
871e8051effffff,871e80cc6ffffff,1270,1277,36.26704507973358,92.06037003701867
871e8051bffffff,871e8625cffffff,638,1332,34.60548468567393,87.8825760633579
871e8052affffff,871e80423ffffff,1331,1356,30.197779195550645,46.344195417654745
871e80519ffffff,871e80576ffffff,716,949,24.133095081776066,36.73107959655099
871e80508ffffff,871e8042effffff,858,887,21.14697270554177,34.9707015726114
871e80423ffffff,871e8052bffffff,833,939,25.176121390021077,67.68193890446594
871e80522ffffff,871e86258ffffff,983,1369,33.87863255904502,67.20605249854036
871e8050affffff,871e8625effffff,1121,1243,39.428793667056986,76.59694949998314
871e80576ffffff,871e80585ffffff,1217,1246,47.40312799477573,104.07293455224533
871e80506ffffff,871e80586ffffff,853,904,32.134899424698936,70.26243057126878
871e8051bffffff,871e8625effffff,1145,1341,44.089058581713886,88.41666051550891
871e805b6ffffff,871e80426ffffff,1101,1346,50.17672096389618,96.55136729711515
871e80529ffffff,871e80555ffffff,1258,1289,18.759720384387904,46.430874043333624
871e805a3ffffff,871e80425ffffff,905,959,32.783734977380206,64.64046586546831
871e8050effffff,871e8625cffffff,658,801,47.50438414738302,107.89911140020484
871e80576ffffff,871e805a9ffffff,565,779,29.43518433953353,58.08196598434314
871e80509ffffff,871e80531ffffff,940,948,29.53428233935326,44.37718528669372
871e80570ffffff,871e8050cffffff,1298,1350,14.470665098788533,24.464369885899526
871e80500ffffff,871e80531ffffff,677,1099,9.458007581765623,19.78985807989024
871e80422ffffff,871e80501ffffff,783,1230,19.91899282210448,52.85591163280083
871e80503ffffff,871e8625affffff,1008,1238,44.116601665855974,70.39233071697723
871e80425ffffff,871e80572ffffff,807,1039,14.653628502479739,22.595988631824017
871e80420ffffff,871e80520ffffff,899,1307,29.911929666336803,81.89074606909729
871e80518ffffff,871e8051effffff,714,1205,8.257266530072302,8.622634365841972
871e8051dffffff,871e80420ffffff,956,1227,16.079907710069158,31.96679373017644
871e862e9ffffff,871e805b5ffffff,1307,1327,13.337664138419498,17.539612046795924
871e80cdeffffff,871e8042cffffff,580,1320,37.95265057511662,70.97727229914015
871e80556ffffff,871e80505ffffff,1059,1308,19.136577179821607,48.341803249914314
871e805a6ffffff,871e805b1ffffff,1042,1119,11.157993046518206,21.596844578671895
871e805a6ffffff,871e80553ffffff,719,1188,52.705300099219315,105.67342944324672
871e805a1ffffff,871e86259ffffff,613,1011,15.723158857716482,23.438441198314813
871e805a6ffffff,871e8625bffffff,886,1074,6.693310363841595,8.522770565234111
871e8625effffff,871e80522ffffff,782,1196,42.98331263423805,97.20158197401787
871e80cd1ffffff,871e80521ffffff,778,1299,16.005293805374833,28.634546529658007
871e80505ffffff,871e805a6ffffff,1024,1334,38.67214207663181,70.87720115377778
871e80428ffffff,871e80424ffffff,588,836,20.260230863671428,31.95203114892874
871e80428ffffff,871e8050cffffff,1176,1317,26.79969209855056,69.92692898682542
871e8042cffffff,871e80421ffffff,1066,1077,7.117710599953201,8.104906866063551
871e862e9ffffff,871e8625affffff,1341,1378,7.780650565222048,10.616403902805068
871e80574ffffff,871e80515ffffff,1270,1320,33.79278040175289,61.51653768001934
871e8042affffff,871e80cd2ffffff,611,672,46.173894583387465,117.95071175268228
871e8050cffffff,871e80405ffffff,818,911,28.453995035500604,49.54398943968767
871e80cd3ffffff,871e80422ffffff,1122,1263,31.82540698830052,88.77302897557779
871e80574ffffff,871e8050affffff,1353,1376,20.617281691474098,46.16569682902611
871e805b4ffffff,871e8051effffff,697,795,27.5639233749382,78.71160894362312
871e8050cffffff,871e8042cffffff,899,1371,19.482879779647828,46.374251710177745
871e80500ffffff,871e86253ffffff,733,1285,41.28786736080109,74.9344999801829
871e80424ffffff,871e805aeffffff,1184,1362,24.122413947013417,65.42527807990852
871e80505ffffff,871e862edffffff,727,1064,39.468540186559906,79.06104901242675
871e8625bffffff,871e80cd3ffffff,888,1035,46.51535419824719,86.50307238014186
871e80cdcffffff,871e80434ffffff,1181,1277,46.05257605163943,112.34437784206955
871e80424ffffff,871e8625affffff,742,1158,47.81472481587994,122.95079473726537
871e8052bffffff,871e8051cffffff,567,1112,19.605128698812404,34.79124363249954
871e80511ffffff,871e80434ffffff,531,931,14.525947406520878,36.51480376904105
871e80525ffffff,871e80518ffffff,659,789,31.84056162535431,52.825156581393365
871e86259ffffff,871e805adffffff,579,833,24.969817052880625,52.506452328091875
871e80500ffffff,871e8051cffffff,1372,1379,10.697351485155014,17.607390634507873
871e8052affffff,871e805a0ffffff,1026,1050,39.984530812850394,71.42339118380023
871e862edffffff,871e805b5ffffff,637,984,13.443759108086999,21.359637250885395
871e80518ffffff,871e80426ffffff,667,1337,11.417901514564704,14.370132381482765
871e80572ffffff,871e805a0ffffff,742,1035,38.33689462762862,85.76161844829865
871e8051dffffff,871e8052effffff,1156,1338,15.784611087190486,35.61240310698015
871e80550ffffff,871e80585ffffff,911,917,37.766896994904954,102.20443747689093
871e805b1ffffff,871e805a3ffffff,876,932,10.196303850340751,19.927489759726065
871e80430ffffff,871e80421ffffff,1209,1255,17.25790353002865,37.9569615350109
871e8051cffffff,871e80422ffffff,1286,1298,17.351941629337624,35.856052423001366
871e8625bffffff,871e86258ffffff,584,1053,8.10093496741507,8.720453235036294
871e80435ffffff,871e80542ffffff,1140,1292,28.77259611550659,51.46574473526861
871e80581ffffff,871e80405ffffff,1298,1299,34.83776859350782,68.1032402265346
871e80cd3ffffff,871e805a0ffffff,849,1156,49.09127215336132,96.11537891674169
871e80553ffffff,871e80404ffffff,1311,1354,18.23806692775048,34.260618852931906
871e8050affffff,871e805a6ffffff,1099,1124,39.8924019414796,80.29611887633668
871e805aaffffff,871e80420ffffff,633,696,22.683879726384657,42.61168401452703
871e80531ffffff,871e80546ffffff,1349,1359,30.759217649553054,72.16240412715617
871e8052affffff,871e80550ffffff,1356,1379,22.27252348776009,35.335135024142296
871e8042affffff,871e80519ffffff,523,1102,25.383099483463077,54.95493396582246
871e8625cffffff,871e8625bffffff,1249,1271,10.869076462582868,17.549727954654713
871e805a6ffffff,871e80555ffffff,1244,1377,51.99059325128829,116.42380671418269
871e8051dffffff,871e8042affffff,499,1121,25.154125947836953,44.94273974885349
871e805aeffffff,871e80404ffffff,1314,1375,25.194186509437092,52.46933453029967
871e805a9ffffff,871e8042effffff,781,1038,24.66122537192904,58.88840557067972
871e8625bffffff,871e8042effffff,734,996,58.73095662047048,136.1596142435748
871e80504ffffff,871e80425ffffff,1154,1274,29.075103265922536,42.179282848432905
871e805a0ffffff,871e80421ffffff,1024,1074,32.93259668897775,98.6364553461884
871e80cf3ffffff,871e805b1ffffff,1174,1272,66.63260930326936,142.33589359915226
871e80404ffffff,871e80405ffffff,1321,1365,7.598378753952927,9.167461799371369
871e80505ffffff,871e805a6ffffff,786,979,31.29150867254613,60.22551483190901
871e80523ffffff,871e8050affffff,972,1173,17.7022203101715,49.578427499936815
871e80506ffffff,871e80505ffffff,1033,1045,10.401744646492197,17.568942801148587
871e86259ffffff,871e8051effffff,500,1163,27.82085864416348,54.993686637847404
871e80580ffffff,871e8051effffff,520,1015,27.399219838492595,39.68211705297576
871e80528ffffff,871e8051bffffff,1159,1241,25.174209095551063,48.61264583136108
871e80500ffffff,871e8050affffff,908,920,15.523548603077842,22.136443762207172
871e805a1ffffff,871e8051effffff,1062,1093,13.887643477967645,29.923847904203097
871e8050effffff,871e8051affffff,1249,1302,16.433260527005814,36.114117355395194
871e8625affffff,871e80426ffffff,1329,1350,48.32948786461625,103.86581130281634
871e8050effffff,871e80425ffffff,1339,1345,13.683580274813282,21.795908902956995
871e80431ffffff,871e8052affffff,604,1152,28.38319433242513,51.17011210086419
871e80423ffffff,871e80cd5ffffff,1104,1354,43.776116747548,93.1233595265297
871e8050bffffff,871e80576ffffff,1194,1210,14.159351300193613,28.219005556208273
871e80511ffffff,871e80573ffffff,1210,1302,27.687811779018215,70.55511713564415
871e80c8bffffff,871e8042cffffff,1282,1334,48.21537987178707,113.92301918812329
871e862edffffff,871e80502ffffff,820,1161,33.00973570070788,85.10212162239912
871e8625affffff,871e80506ffffff,1206,1297,37.517089998458296,58.9709841504022
871e86258ffffff,871e80585ffffff,907,1014,21.17966635163357,35.324730939860146
871e80435ffffff,871e80570ffffff,671,1112,27.696186244922774,66.5423169623591
871e80425ffffff,871e8042effffff,961,1372,11.276541375063221,17.788011747228378
871e8042effffff,871e80511ffffff,918,1139,25.536775941990598,53.42275175371779
871e80cdaffffff,871e80518ffffff,525,1088,32.8889748589103,79.36611699387878
871e80424ffffff,871e80523ffffff,1055,1307,28.711527474148756,60.36365194473663
871e8052dffffff,871e80521ffffff,760,886,13.142543705768468,23.08528413888805
871e80508ffffff,871e80502ffffff,977,1116,18.507510490760467,38.20169691367633
871e8052effffff,871e86253ffffff,1346,1355,52.21143215675544,91.88050587477234
871e80523ffffff,871e80518ffffff,576,1344,23.657660499971414,53.196721410074026
871e80574ffffff,871e80cd2ffffff,767,1182,16.781634352672395,34.14209284111764
871e80423ffffff,871e862e9ffffff,528,873,55.3541108638757,120.50494444872437
871e8625bffffff,871e80586ffffff,1373,1379,17.584211328728134,29.212108253912625
871e8051affffff,871e8050affffff,713,1074,14.79000450892149,24.89231334213817
871e80425ffffff,871e80585ffffff,947,1022,37.99772124849731,81.39892020924928
871e86259ffffff,871e805aaffffff,915,1044,18.90104346428288,33.93374673451815
871e80426ffffff,871e8625cffffff,861,957,36.40184252427467,83.94264806311486
871e80572ffffff,871e8051affffff,890,1192,25.276765932668603,62.427446814572
871e80529ffffff,871e80420ffffff,1083,1229,27.191935793605634,53.72033484688958
871e80430ffffff,871e8050cffffff,1208,1257,24.716464054586798,52.51165890690738
871e805a6ffffff,871e80550ffffff,998,1132,41.82912052020739,90.09183446089037
871e8050cffffff,871e8050bffffff,499,1305,11.550584049215178,17.305505389729543
871e8625cffffff,871e80584ffffff,1227,1235,25.432799579460273,48.7488498899071
871e80524ffffff,871e8051bffffff,538,1193,37.30072580993717,59.32069530808569
871e80531ffffff,871e80cdeffffff,1258,1314,27.383822978272175,44.41340543298475
871e8051dffffff,871e80404ffffff,1328,1332,17.938229785251764,32.006581171078395
871e80520ffffff,871e805a2ffffff,1030,1281,36.60274126100107,68.70042784459517
871e8058cffffff,871e80572ffffff,1312,1362,33.27083008115959,82.80560024085544
871e8050effffff,871e80424ffffff,481,628,12.442126848316931,19.882091599710613
871e805b6ffffff,871e80529ffffff,686,795,55.642504484725414,162.60099584950106
871e80556ffffff,871e80421ffffff,651,793,9.44085666992535,15.62202917935785
871e80405ffffff,871e8052effffff,645,766,31.469166847353236,60.68742738109936
871e8052affffff,871e80405ffffff,883,1004,27.96821900953097,53.49057511570736
871e80405ffffff,871e80550ffffff,899,1161,16.18976979885811,30.001651706471556
871e8052affffff,871e805b5ffffff,624,1152,49.090949883484996,84.89410842300104
871e86259ffffff,871e80cdaffffff,714,1054,48.25657399029762,87.67030833320395
871e80531ffffff,871e80515ffffff,580,1288,10.0604860547373,17.33668159218175
871e80553ffffff,871e80515ffffff,1059,1348,30.447141578279304,59.090424829463956
871e8050affffff,871e80574ffffff,592,1372,22.72730787480385,33.53327252730578
871e80586ffffff,871e86258ffffff,1197,1336,18.40672265019385,42.95335363163144
871e805a3ffffff,871e8625effffff,1015,1250,19.544477188237096,45.938132592898945
871e805b5ffffff,871e80405ffffff,1044,1260,49.88021172694035,104.43386118088632
871e80423ffffff,871e86258ffffff,1258,1283,41.6553835532389,83.15070501870649
871e8625effffff,871e80518ffffff,568,1338,42.857165501479344,64.99776936478996
871e8051bffffff,871e8625cffffff,621,1240,36.21800490515191,95.74165517188084
871e805acffffff,871e8051affffff,834,925,13.353546876813184,16.234843941105193
871e86259ffffff,871e80428ffffff,1292,1365,50.330373352047744,94.1533522939798
871e805b6ffffff,871e80503ffffff,1293,1343,35.05150929588063,89.70065601036107
871e8625effffff,871e80556ffffff,1308,1377,54.80129718335079,124.59910273202843
871e80cc2ffffff,871e80521ffffff,1079,1081,19.52166418116062,37.58563445422133
871e86251ffffff,871e805b5ffffff,1136,1246,20.069999534602605,29.04457824882911
871e80500ffffff,871e80525ffffff,912,951,20.77515816405586,34.98275299855398
871e80522ffffff,871e80505ffffff,1212,1284,11.839544310761804,18.61258668871273
871e8050dffffff,871e80421ffffff,926,1068,20.30577694865806,36.73367781553424
871e805b6ffffff,871e86258ffffff,815,1317,14.544983599087614,22.99455223855381
871e80518ffffff,871e8051cffffff,637,1120,7.443536833838897,11.29069996133277
871e805a1ffffff,871e80518ffffff,719,1070,21.21185201699946,35.466032434201864
871e8050cffffff,871e80553ffffff,991,1233,24.21446856232141,45.36492386770378
871e8052affffff,871e80550ffffff,767,962,20.911406442732783,46.206522248521466
871e80503ffffff,871e8051cffffff,1361,1375,8.290372724717368,8.29750655005713
871e8050affffff,871e805b3ffffff,1044,1259,39.24002232592206,79.26488643059174
871e80573ffffff,871e80518ffffff,1116,1274,26.463494902864852,52.73020332034098
871e8050affffff,871e80518ffffff,1186,1345,12.119986099622547,17.436430076184827
871e86259ffffff,871e805b4ffffff,556,1247,12.605634401999861,24.57466909441243
871e80422ffffff,871e8052bffffff,1267,1355,23.115922674351122,45.313349565854374
871e8051cffffff,871e80551ffffff,598,1132,29.079680422552507,61.659477511545916
871e8051bffffff,871e805a9ffffff,1163,1303,11.469038843187638,22.299623343205145
871e80425ffffff,871e80524ffffff,711,1167,39.25173310767267,93.72619780057444
871e80cdeffffff,871e8050cffffff,1106,1335,16.162079622859217,30.77400439435809
871e80520ffffff,871e80cd5ffffff,654,1255,17.750371048390576,30.065593703973338
871e80552ffffff,871e805a6ffffff,1308,1320,53.42842287372816,123.31157029919326
871e80c8bffffff,871e80cd2ffffff,1003,1328,10.124410518459598,19.377567952813873
871e80519ffffff,871e80555ffffff,503,1287,24.84105072922584,56.86066368804751
871e80585ffffff,871e80405ffffff,1373,1380,34.47617535285863,64.05637982711525
871e86251ffffff,871e86259ffffff,760,1092,13.018752857523264,21.99849464607508
871e8052affffff,871e8052effffff,766,1076,7.689157012585951,11.913976388038083
871e86258ffffff,871e80576ffffff,706,1087,52.14156129360491,88.19573760742122
871e805b4ffffff,871e80551ffffff,1109,1219,65.84741812540531,132.54718768936272
871e80501ffffff,871e80cdeffffff,631,915,18.352627580315282,48.53239850742663
871e80405ffffff,871e80424ffffff,1301,1328,15.932270793508588,37.33250082127135
871e80519ffffff,871e80422ffffff,1221,1373,10.797543063374317,19.268545483758064
871e80551ffffff,871e80cd3ffffff,841,895,27.37753431695551,65.51348153004017
871e80422ffffff,871e80434ffffff,1122,1349,13.577058398990987,24.014065798200185
871e80423ffffff,871e8052bffffff,1297,1330,26.27695671808237,52.715504271334055
871e8625affffff,871e80531ffffff,896,1380,39.81079441294473,86.62657097529264
871e86258ffffff,871e8625cffffff,1358,1374,7.372925923443791,10.262498638649271
871e80505ffffff,871e8050dffffff,805,1183,12.851703384451863,28.814303323475862
871e80422ffffff,871e8052dffffff,891,1095,36.01896390358274,58.69133772976019
871e80424ffffff,871e805a6ffffff,1021,1226,34.469231960051204,85.70285711211903
871e80502ffffff,871e80423ffffff,821,898,23.73979382546219,54.90103229834868
871e80421ffffff,871e805aeffffff,1356,1358,28.881291127374787,53.19270150276902
871e805a3ffffff,871e8050affffff,589,1333,33.93039890669303,73.91841534240008
871e8042effffff,871e86253ffffff,825,1244,57.514781296592815,130.00042416940832
871e86258ffffff,871e80518ffffff,970,1194,39.490798929271,89.54053391276726
871e80505ffffff,871e80528ffffff,980,1220,12.160172040900994,16.40163178806115
871e86258ffffff,871e80572ffffff,1016,1018,58.244884334219414,93.16087423138417
871e862edffffff,871e8042effffff,651,1258,51.32190810713157,132.67302684050927
871e8050bffffff,871e8052affffff,707,1093,16.386758133080335,28.06538988746622
871e8625cffffff,871e86258ffffff,1158,1302,7.6534019648227565,7.727423268112798
871e8625cffffff,871e80519ffffff,512,550,38.92710066141935,93.43190388096659
871e80519ffffff,871e8051cffffff,1213,1341,9.409126981870738,18.764973010228562
871e86259ffffff,871e8051affffff,664,837,27.488816810435264,54.977670364333974
871e80405ffffff,871e8052affffff,646,684,32.611956424082344,51.17204453080438
871e80435ffffff,871e80cf3ffffff,622,778,52.849873508886496,118.53867620814661
871e80570ffffff,871e80580ffffff,917,1109,53.64535594802862,129.71661914636107
871e80528ffffff,871e8051affffff,1302,1368,29.99914429032426,45.95287687038225
871e80519ffffff,871e8052effffff,1157,1298,19.37900725320863,35.438399341397634
871e80426ffffff,871e80506ffffff,1194,1339,21.04459139795871,41.72318316690776
871e8052dffffff,871e80572ffffff,1186,1331,15.42785592183141,24.047268780174768
871e80cd5ffffff,871e8052affffff,1028,1281,21.75697537118437,38.79398246325767
871e805b4ffffff,871e8052affffff,734,747,39.4202764855545,92.16340571063174
871e80556ffffff,871e8050dffffff,607,1378,10.236610668635604,19.80805842978363
871e80574ffffff,871e8051dffffff,488,994,23.22648682174263,56.52065029606324
871e805a6ffffff,871e80501ffffff,856,1222,38.31974092390824,67.33900448783444
871e80426ffffff,871e80518ffffff,822,879,11.649219797624756,16.03199694686849
871e8625cffffff,871e80425ffffff,1081,1335,41.39049962089519,89.22176211496367
871e805b1ffffff,871e86259ffffff,598,1143,15.635149476728374,25.430130384967896
871e80542ffffff,871e80420ffffff,800,885,25.037393224258512,42.69153873902515
871e8625affffff,871e80523ffffff,1347,1356,35.89776322765141,81.8334304750774
871e805a0ffffff,871e80542ffffff,891,1165,59.03763716960306,116.43420253335513
871e805aaffffff,871e80521ffffff,869,1018,36.87981918473869,71.67947328409983
871e80522ffffff,871e8051effffff,680,1128,20.672116115709684,35.799007488120516
871e80513ffffff,871e805b5ffffff,1035,1039,23.390751853870153,53.771656317897744
871e80505ffffff,871e8051effffff,626,1232,16.881473757492344,29.384815445211096
871e8042effffff,871e80550ffffff,612,904,14.234529611732382,32.07710847086864
871e8625effffff,871e80505ffffff,899,1131,38.58795541121955,98.33479476492428
871e86251ffffff,871e80422ffffff,516,819,46.702146239105026,96.84940271585164
871e80404ffffff,871e80528ffffff,1355,1361,29.44209736771941,67.44568135942178
871e80573ffffff,871e8051affffff,899,1294,27.050134340130636,51.4281443577386
871e80cd2ffffff,871e8050cffffff,631,1338,19.31952553951312,40.70440902107067
871e80cd4ffffff,871e80505ffffff,1205,1234,23.719155978033697,49.13308634813789
871e80574ffffff,871e8625bffffff,1203,1335,61.756732155174724,95.11127324694844
871e80552ffffff,871e8052affffff,607,790,22.712394963711464,42.78906717904172
871e80428ffffff,871e805adffffff,726,961,30.89140209559677,61.32247558939728
871e80552ffffff,871e805a6ffffff,551,774,39.84633223199112,80.336505846603
871e86259ffffff,871e805a9ffffff,839,1163,29.712659809483878,48.93266341083188
871e80581ffffff,871e862e9ffffff,741,1243,23.736507373197878,41.81147655553951
871e80508ffffff,871e8052effffff,1020,1173,14.604151436137377,34.27952385972263
871e8051bffffff,871e80404ffffff,1136,1140,14.08893863996437,21.397692011304773
871e805b6ffffff,871e8058cffffff,1371,1375,28.466079102939034,50.96540873337777
871e805b6ffffff,871e805abffffff,810,1254,34.001126207028264,70.40007389151009
871e8042effffff,871e80522ffffff,661,813,34.35388768737627,73.21417155482042
871e8625cffffff,871e8052effffff,702,1292,39.883777611831164,71.20413527598636
871e8051bffffff,871e805a0ffffff,1181,1312,28.065282210160237,52.31839930807264
871e80506ffffff,871e80572ffffff,758,1215,21.61570203832138,48.540368089100795
871e86259ffffff,871e80501ffffff,993,1195,29.510464573187978,60.379558009997226
871e80500ffffff,871e8052affffff,1024,1239,10.45360714495636,16.200016137254252
871e86259ffffff,871e8051effffff,1056,1274,25.744746578696173,58.98941175938861
871e86259ffffff,871e8051bffffff,1110,1174,37.08872411802639,58.08750721747301
871e8052dffffff,871e80521ffffff,1281,1349,13.050416509274703,23.684104609517046
871e80572ffffff,871e80520ffffff,1337,1342,29.084692354525654,44.564391306267545
871e80505ffffff,871e80502ffffff,667,1027,11.46846132574575,16.338946699836335
871e86258ffffff,871e80404ffffff,485,649,50.47996622034212,103.60527747631345
871e8625effffff,871e80505ffffff,1162,1221,38.71288564543467,74.64897834250729
871e8042cffffff,871e86258ffffff,1089,1202,59.327735624799146,126.81097905276422
871e8052bffffff,871e80513ffffff,539,562,27.856130361973108,54.088438514394326
871e80511ffffff,871e80502ffffff,1045,1261,8.093390164559437,8.273423942053276
871e805aeffffff,871e80506ffffff,818,1112,21.738905413779186,50.021107882143255
871e805adffffff,871e8625bffffff,754,1114,24.312953683271505,43.030208720417534
871e80502ffffff,871e80c8bffffff,805,886,23.985687416504938,40.9039766527754
871e80553ffffff,871e86259ffffff,1028,1357,47.66306852968716,114.474856831328
871e80404ffffff,871e80574ffffff,560,1088,33.795413400089686,55.53930883438078
871e80525ffffff,871e8051affffff,581,1230,30.990158082816627,69.82118446961738
871e80423ffffff,871e80522ffffff,847,1358,36.28321828261637,63.146296941839665
871e86258ffffff,871e80518ffffff,1142,1261,30.3228498063307,88.08682826215203
871e8051cffffff,871e80553ffffff,1045,1380,28.22502141207172,57.467709577913865
871e805b4ffffff,871e80518ffffff,1334,1368,35.73265224273461,78.64265880426736
871e80519ffffff,871e80585ffffff,1292,1319,28.75331725010927,54.121930372220845
871e8051cffffff,871e805adffffff,768,1298,13.019097985988077,23.089119510443428
871e805b6ffffff,871e805b0ffffff,806,1295,7.915330545471414,8.600620867697465
871e8050cffffff,871e80529ffffff,578,1002,11.45306955854055,16.70811823358378
871e80501ffffff,871e862e9ffffff,979,1344,51.59273338503375,84.3301965940945
871e80cd2ffffff,871e80426ffffff,782,1052,37.77510043290344,68.43238207009662
871e80424ffffff,871e862edffffff,708,1309,54.68194007800173,91.82750959153176
871e805aeffffff,871e80519ffffff,759,1148,22.96644959459448,43.26348160350818
871e805b0ffffff,871e86253ffffff,1312,1343,16.893001415218038,33.084397578459175
871e80521ffffff,871e8042cffffff,533,1193,38.54841757662288,63.6632914945867
871e8052dffffff,871e8050dffffff,1191,1273,13.44322291733591,21.419714637993376
871e8052effffff,871e805abffffff,1120,1178,37.179711539783106,62.27978578314816
871e80521ffffff,871e8625bffffff,1068,1249,37.080131675218794,79.92494318101664
871e805a1ffffff,871e8051affffff,577,580,14.593801231582237,37.136627989890506
871e80420ffffff,871e8050cffffff,1299,1380,21.17402175829356,45.029654355620885
871e80506ffffff,871e80505ffffff,982,1193,10.282564810998972,15.24888172211801
871e80404ffffff,871e8625cffffff,986,1249,46.040206293834636,119.17381204048172
871e80425ffffff,871e8625effffff,946,1270,55.23335980775556,129.37445374801115
871e80435ffffff,871e805b4ffffff,1097,1163,33.71433249570655,65.94788337134574
871e86251ffffff,871e8625effffff,1146,1330,7.985649929349666,8.88951328174468
871e8050affffff,871e80551ffffff,1052,1134,18.836010787352333,46.194882763121655
871e80cd3ffffff,871e8051dffffff,751,1073,26.697820043608086,59.27219236056829
871e86258ffffff,871e805abffffff,860,1157,27.999343829872593,48.25678043335808
871e80550ffffff,871e80503ffffff,809,1230,21.182533021415228,38.64365661440038
871e8052affffff,871e80574ffffff,1325,1327,15.65998899542993,28.503782474674452
871e80420ffffff,871e86258ffffff,755,761,41.17175794637441,99.44719658779348
871e80cd3ffffff,871e805b4ffffff,707,890,56.82312772708926,99.73827745866927
871e8052effffff,871e8042cffffff,568,995,27.099942942057556,83.1000862839255
871e80502ffffff,871e862edffffff,838,929,37.53945908859467,77.20776343528058
871e80529ffffff,871e80550ffffff,515,704,20.56145639819754,39.830627669216085
871e80518ffffff,871e80515ffffff,557,935,16.576147516724,27.679222913436234
871e862e9ffffff,871e805b1ffffff,1224,1357,14.005214047474672,26.635200814649306
871e8625bffffff,871e8625effffff,1291,1374,9.368288958353691,16.068507663446628
871e80cd2ffffff,871e8052affffff,1219,1354,12.567365375005524,21.751157554637544
871e8050affffff,871e86251ffffff,839,1159,52.11488341624204,97.5223625130761
871e80511ffffff,871e80503ffffff,1291,1355,12.019743437375134,18.247347885727486
871e80570ffffff,871e8051effffff,1043,1226,30.17500746017242,64.95921116292544
871e8051dffffff,871e80500ffffff,1356,1374,10.114287327361378,20.779862633320207
871e80426ffffff,871e80523ffffff,1151,1172,26.878791937959786,47.93388474559798
871e8050dffffff,871e8051affffff,558,1093,21.060675828848893,41.06701166400026
871e86253ffffff,871e8051bffffff,749,799,47.04867233422594,96.09906197285862
871e8052bffffff,871e8050effffff,554,674,10.572713874740009,17.83975879872429
871e80529ffffff,871e80552ffffff,1108,1364,25.94150813957398,44.31343143696309
871e8052affffff,871e80405ffffff,1162,1188,35.36603692763887,71.19703906499105
871e80cd2ffffff,871e862e9ffffff,617,821,57.01764249611138,99.92473524691115
871e8042effffff,871e80519ffffff,793,1324,17.61585101191453,31.666089768195967
871e80584ffffff,871e80519ffffff,1091,1349,31.908069868340764,80.81915722317393
871e80572ffffff,871e80523ffffff,804,1016,22.026218651450872,48.55390977198317
871e80525ffffff,871e805b4ffffff,606,1109,52.45072583158529,133.04708809098693
871e80531ffffff,871e8051effffff,1289,1320,19.72476042972243,38.18246491402695
871e8042affffff,871e80cd3ffffff,872,1010,37.88000843190373,104.87030211006628
871e80531ffffff,871e8042affffff,964,1130,43.34320592641469,91.59479378566216
871e80505ffffff,871e80500ffffff,992,1343,7.496983026523741,8.498948050818289
871e8052bffffff,871e862e9ffffff,1008,1349,62.29838795122797,102.11269093828533
871e8625effffff,871e8625bffffff,888,1075,10.277172200236956,21.73792232025588
871e86258ffffff,871e80421ffffff,1314,1377,56.54123611732527,114.56760260907836
871e80502ffffff,871e80555ffffff,980,1274,29.794590135835435,65.38764956577161
871e80404ffffff,871e8042effffff,961,1184,11.089271617371676,15.837220987528484
871e80421ffffff,871e80cd6ffffff,1337,1371,39.05287486198791,105.92698187339342
871e80505ffffff,871e80529ffffff,485,948,14.736870089380213,28.17035057469201
871e80501ffffff,871e8052bffffff,1091,1243,11.983054195717196,15.506275419929711
871e805a0ffffff,871e8052affffff,691,1311,36.27988471971751,86.97339014514422
871e86251ffffff,871e80572ffffff,1373,1379,57.68503476751541,143.00746461499065
871e80521ffffff,871e86258ffffff,1144,1317,37.12510884790914,76.12487632057001
871e86258ffffff,871e80422ffffff,614,750,42.759301973744535,78.67236447646908
871e80520ffffff,871e80501ffffff,1080,1244,15.036784478844142,34.714718518461595
871e80570ffffff,871e8051dffffff,1188,1281,21.57203792835024,57.64385066177829
871e8052affffff,871e80c8bffffff,1029,1252,20.222276042484005,40.5707782693077
871e805a2ffffff,871e8051bffffff,1264,1301,31.550674836180228,45.81343512580744
871e80531ffffff,871e80509ffffff,495,698,28.677527550411945,54.30010082184023
871e80cd6ffffff,871e80420ffffff,823,1017,33.512013162126536,99.37244416077928
871e86258ffffff,871e80421ffffff,818,1083,41.62789428086373,94.09298371959534
871e80509ffffff,871e80515ffffff,1227,1341,24.958616427252824,57.71269008314328
871e8050cffffff,871e805b1ffffff,581,1355,49.24704318834929,112.01887849363457
871e80424ffffff,871e80c89ffffff,550,1317,44.38807378996228,72.42201902776002
871e8051bffffff,871e80434ffffff,911,1333,6.738972449491156,9.425504460846009
871e8050affffff,871e8051bffffff,740,951,13.05039756429501,17.4936037253467
871e86258ffffff,871e80521ffffff,675,683,49.168314516646376,70.95795614169329
871e8042effffff,871e86259ffffff,1045,1293,50.4532536838479,111.12032531329677
871e80508ffffff,871e8051bffffff,603,1223,15.435365189204523,29.873602276051773
871e80420ffffff,871e8050effffff,959,976,14.937361539139559,35.942815139461445
871e80503ffffff,871e805aeffffff,918,1032,20.098384141787363,43.378149969318045
871e8042affffff,871e80551ffffff,956,1080,19.960723278988375,43.37574149819339
871e80521ffffff,871e8052effffff,1376,1380,7.166946749379615,8.21507841398274
871e80519ffffff,871e80422ffffff,1078,1170,10.645542926883143,21.32917733676522
871e80521ffffff,871e86259ffffff,802,1030,34.46534702215298,84.25443978691007
871e80405ffffff,871e805aeffffff,783,837,27.226474183748643,65.32153400759398
871e80521ffffff,871e80504ffffff,1346,1359,10.904047887407021,24.530226875876973
871e805a8ffffff,871e80528ffffff,1006,1074,34.67745763173389,59.219545034875374
871e80570ffffff,871e86251ffffff,1081,1210,52.1895607457827,103.767821331046
871e80428ffffff,871e8052affffff,1353,1358,28.57911750479722,55.98601195001236
871e80405ffffff,871e80420ffffff,1081,1379,12.22857424606988,24.197191532337833
871e80501ffffff,871e80576ffffff,736,770,13.436513777439066,24.75935471529893
871e8042affffff,871e8042cffffff,1133,1147,10.702671209886859,21.330788562113128
871e805abffffff,871e80515ffffff,1081,1257,19.529692601854755,46.359846662083775
871e80505ffffff,871e80503ffffff,1182,1334,11.90853084099612,14.1134435804742
871e8050dffffff,871e8052bffffff,1373,1377,7.316389819716883,9.596786595980618
871e8052bffffff,871e80515ffffff,867,1211,21.6131553695027,35.85275779347993
871e8051cffffff,871e805b4ffffff,754,1151,32.234802537489514,69.92311976914057
871e8051affffff,871e80428ffffff,848,896,28.02099355235727,44.95913340622852
871e80505ffffff,871e8625cffffff,668,1027,39.03939566482522,75.34782511390162
871e80576ffffff,871e8050affffff,521,830,18.511572706102235,23.94772714140888
871e80cd1ffffff,871e8052effffff,1094,1145,18.41205455147871,32.82953500146637
871e8051bffffff,871e80505ffffff,840,965,22.6369189418597,35.22935146398827
871e80522ffffff,871e80505ffffff,1347,1359,9.94614458438068,21.976985775350258
871e80505ffffff,871e8050effffff,1166,1245,11.604519652435497,20.471069589084514
871e8051affffff,871e80cd0ffffff,655,1206,36.809106318216855,70.10055045003664
871e86258ffffff,871e8625bffffff,992,1021,7.4266445055290085,10.885849372568506
871e862e9ffffff,871e80519ffffff,1103,1303,41.59264270062535,74.78196868744202
871e8625affffff,871e8042cffffff,671,727,57.976814525577566,157.3045581804466
871e8625affffff,871e8051effffff,641,1174,31.585095884889473,75.37697712265063
871e80cd6ffffff,871e8052cffffff,848,1240,10.66652234029938,19.63657512666908
871e8042affffff,871e80422ffffff,963,1349,16.732404241950704,27.867013108772827
871e80424ffffff,871e80cd2ffffff,1212,1269,26.751151258773366,57.42573090591954
871e80515ffffff,871e80506ffffff,1035,1133,6.750574647208065,12.467997103316982
871e80551ffffff,871e805adffffff,968,1208,37.669831688767616,59.256564118958906
871e80576ffffff,871e86258ffffff,1092,1190,44.42433508995694,116.58384239383457
871e80503ffffff,871e80421ffffff,601,807,23.70649084040133,53.5584850743548
871e8042affffff,871e80511ffffff,818,1259,33.787153556256584,65.51903927801474
871e80523ffffff,871e80519ffffff,539,926,25.34575225221096,44.41486293407854
871e80528ffffff,871e86259ffffff,972,1096,44.698691721110784,75.80738289986296
871e80576ffffff,871e86253ffffff,1002,1333,66.3951586865319,112.08960089958265
871e8625effffff,871e8050cffffff,667,874,46.981447304469135,107.69705007607472
871e805b4ffffff,871e805a0ffffff,789,854,13.957468056111766,35.38696065745589
871e80555ffffff,871e80431ffffff,1341,1364,31.093613656322034,54.23915213067584
871e80501ffffff,871e80504ffffff,816,833,9.289725029743622,16.162836083735613
871e8051dffffff,871e805b6ffffff,1334,1362,42.586584915229466,77.37108047220126
871e80428ffffff,871e80cdeffffff,653,866,40.93082584814486,82.86873957493279
871e80550ffffff,871e80524ffffff,1197,1211,42.79933111739117,77.7536439362438
871e80576ffffff,871e8052bffffff,608,931,7.110762624561916,9.629696627305579
871e80404ffffff,871e80528ffffff,613,1373,33.76986696242143,68.12029686270824
871e8625bffffff,871e80431ffffff,595,1132,41.1883290847327,64.83094958801712
871e80506ffffff,871e8050bffffff,724,988,24.763631614245558,46.219988586592784
871e8052dffffff,871e80503ffffff,985,1056,22.33949339255324,42.55965580825921
871e80553ffffff,871e80425ffffff,538,837,11.438149720250427,20.10312604990493
871e80531ffffff,871e805a2ffffff,970,1367,25.525547808458736,53.81682355923527
871e80424ffffff,871e805b0ffffff,707,1360,37.90417911618386,93.87877571409938
871e80503ffffff,871e80508ffffff,536,699,13.4676820370698,19.2993746369189
871e8052cffffff,871e862edffffff,495,919,62.005706570847,96.75438198527797
871e80436ffffff,871e805a3ffffff,622,1379,21.33098997448991,39.21931120525141
871e80515ffffff,871e862e9ffffff,1134,1279,29.789720062519127,88.09439143019112
871e8042effffff,871e80cdaffffff,1145,1374,36.933721851453235,58.59645464303126
871e8052affffff,871e80404ffffff,642,1321,26.29031856298158,55.63366601684408
871e80404ffffff,871e80502ffffff,809,945,24.77527854943892,50.06822023018694
871e8058cffffff,871e80550ffffff,1091,1199,40.351869933870766,74.9239737325281
871e8042cffffff,871e80515ffffff,556,851,31.503720061301912,88.56664539938245
871e80552ffffff,871e8625affffff,1367,1371,49.079588738758986,124.94792402616761
871e80505ffffff,871e80521ffffff,658,1321,11.552157063445735,13.784783483404569
871e80cdeffffff,871e8050bffffff,665,780,24.338161024069546,52.92409127145662
871e80551ffffff,871e80422ffffff,1373,1374,22.792446569671743,40.123396852066904
871e80551ffffff,871e8050cffffff,1118,1242,22.19091650197489,53.71071014091114
871e80428ffffff,871e8042cffffff,505,1289,8.113656057255618,9.02043952727925
871e80431ffffff,871e8052dffffff,1233,1236,43.6934935704184,96.82519474567908
871e8052affffff,871e80436ffffff,878,1017,33.807866635615326,64.97397656444264
871e80528ffffff,871e805a6ffffff,859,882,44.23100002574466,71.4565200216358
871e805a1ffffff,871e80570ffffff,884,1232,34.94614666558401,94.26037319377659
871e80513ffffff,871e80cd4ffffff,1353,1380,42.018016450205735,72.22984390180883
871e805b6ffffff,871e8052affffff,787,1235,44.080431364067096,130.10436908536835
871e862edffffff,871e80428ffffff,711,1101,73.38226989972051,120.24426104222607
871e8050affffff,871e8042effffff,1282,1332,17.395134145977984,31.0309103231345
871e80574ffffff,871e8052bffffff,1318,1359,10.046039744807242,17.263172425078356
871e8042effffff,871e80550ffffff,1299,1306,13.517403430758096,27.231043596542367
871e8052dffffff,871e86251ffffff,601,892,48.6943643318153,131.48696660851158
871e80434ffffff,871e80584ffffff,480,631,21.75995590681426,41.45745647422097
871e8052dffffff,871e8042affffff,1101,1129,38.33226402807264,87.44335720618132
871e80511ffffff,871e862e9ffffff,1055,1302,28.946338693867496,73.32486014186013
871e80405ffffff,871e80404ffffff,664,952,7.101915347642873,8.785452240364913
871e8050cffffff,871e80531ffffff,1284,1320,16.23863357569167,44.71381635878457
871e80585ffffff,871e805a0ffffff,854,1360,13.12123374206246,23.586669726617934
871e80576ffffff,871e80515ffffff,666,1238,28.52890819135255,52.41900987499498
871e86251ffffff,871e8051cffffff,1299,1316,44.372293542452816,89.96023575277138
871e80551ffffff,871e8625bffffff,1228,1281,67.28516646541112,111.41798746221659
871e8051effffff,871e80553ffffff,1319,1373,34.859993179481684,74.78138035575358
871e80cd2ffffff,871e80428ffffff,1240,1244,42.71838449595415,101.39881442264453
871e8625cffffff,871e80519ffffff,1303,1362,44.51864265640962,108.2241279340653
871e80428ffffff,871e80584ffffff,540,774,49.751741793270256,89.801936148616
871e80519ffffff,871e80553ffffff,1106,1346,21.19983611893944,31.938302133506866
871e8052affffff,871e80504ffffff,685,1160,11.586624684961295,23.666508174277244
871e8050cffffff,871e80585ffffff,851,1235,31.17146735190927,77.44875598128029
871e8050affffff,871e8042effffff,950,1283,16.49914327917248,36.55289322374736
871e80524ffffff,871e80501ffffff,909,1068,18.768770993069722,36.92591772573237
871e8051affffff,871e80422ffffff,906,1373,13.198260990985853,23.14747085642518
871e80513ffffff,871e8051dffffff,1301,1351,16.138876872949908,26.025546345297833
871e80552ffffff,871e805a6ffffff,804,812,49.580465527224185,117.58746934727056
871e80531ffffff,871e8051cffffff,1048,1165,17.547633418291674,26.998802059660377
871e80519ffffff,871e80435ffffff,527,1217,11.603017993413362,16.469017145487616
871e8051affffff,871e80423ffffff,843,1257,20.401320765501467,28.78266074137961
871e80585ffffff,871e80515ffffff,528,671,23.031835098986523,56.934950671435935
871e80435ffffff,871e80426ffffff,515,1357,7.259379295785222,8.364250317725322
871e80426ffffff,871e8050dffffff,981,1140,18.225436869691492,30.46762015840952
871e86259ffffff,871e80551ffffff,1110,1342,60.950580317491976,120.19910458720412
871e805aeffffff,871e80500ffffff,755,1026,21.40319055648168,40.07710323968326
871e80523ffffff,871e80520ffffff,648,734,6.613563877567001,8.882547149928154
871e8625effffff,871e805a6ffffff,1208,1236,15.66629200661156,23.579988640228716
871e805abffffff,871e80509ffffff,930,1257,28.523481567183513,78.23942062895662
871e80420ffffff,871e8052dffffff,689,815,25.907572571459017,77.28923131236454
871e80511ffffff,871e8042effffff,594,1369,29.87686231156475,66.69500062588351
871e862edffffff,871e8051dffffff,1205,1220,42.34543076002378,77.84860062616491
871e8051dffffff,871e80511ffffff,785,835,13.335219006973437,17.432442899296085
871e80523ffffff,871e8050dffffff,827,907,21.00015474008581,27.94807726894019
871e8050dffffff,871e80529ffffff,570,772,11.132662025508006,17.68809377192344
871e80500ffffff,871e805b4ffffff,890,1359,35.43342678599288,95.66887561134484
871e80426ffffff,871e862edffffff,948,998,45.692475140696274,102.7033470939396
871e80428ffffff,871e8050affffff,1025,1092,25.204796841775398,56.08308725535095
871e86259ffffff,871e8052affffff,952,1324,36.69107846738349,99.18204865688276
871e86251ffffff,871e8051affffff,1341,1370,44.08220671906948,70.68423388509518
871e862e9ffffff,871e80503ffffff,949,1334,45.23007272585627,102.88616694962046
871e86258ffffff,871e8042cffffff,1364,1376,54.4535179942151,104.59934782293651
871e8052affffff,871e80585ffffff,641,1292,35.1657886680778,62.8548957226728
871e80556ffffff,871e8051affffff,1222,1231,21.983545628953202,52.96110065563545
871e8051cffffff,871e8050dffffff,784,944,16.63027307793736,28.372873101845098
871e80519ffffff,871e8625bffffff,723,902,43.08404428606279,61.531234660936015
871e805b5ffffff,871e8052cffffff,985,1047,45.27138374586671,93.90279319441282
871e80518ffffff,871e80cf3ffffff,936,1140,41.906292289307586,71.35985313694104
871e80522ffffff,871e8050cffffff,991,1040,16.72604173483588,44.04822747805521
871e80cf3ffffff,871e80522ffffff,1040,1091,29.08223616790247,49.11694100952491
871e80520ffffff,871e80cd4ffffff,1209,1370,18.615504832268435,36.760136533663136
871e8052dffffff,871e80506ffffff,586,1028,19.078298561021246,47.34121732215994
871e80c89ffffff,871e80503ffffff,860,1158,30.808501479970094,48.09670636953846
871e80500ffffff,871e80501ffffff,845,1077,7.006200900924144,11.747032620072885
871e80502ffffff,871e80511ffffff,1282,1346,8.291119260787177,8.78369661173175
871e8050cffffff,871e80521ffffff,823,1035,15.992857501652935,27.995426860362713
871e80552ffffff,871e8042effffff,580,1087,9.586578965245799,15.925264643466882
871e80424ffffff,871e80422ffffff,623,1077,11.645466898782898,21.826866364970364
871e8051dffffff,871e805a0ffffff,1311,1328,29.975433420468722,46.438542504440996
871e8050dffffff,871e80511ffffff,1147,1249,21.339021807549173,48.78273790207945
871e862e9ffffff,871e80519ffffff,525,918,38.86877735224176,90.66430295558541
871e8042affffff,871e80556ffffff,740,1171,16.082883848404627,38.83789570331273
871e80504ffffff,871e8625effffff,927,995,34.593866779665746,69.87495863011416
871e80c8bffffff,871e8050affffff,616,998,30.528828538531233,65.54737911813065
871e86251ffffff,871e80404ffffff,538,1020,52.66643393540991,141.05859113847427
871e80552ffffff,871e86259ffffff,1037,1103,48.13831837874815,94.07094447214567
871e8042cffffff,871e805a2ffffff,1159,1244,44.22138426348931,77.07062994222103
871e862e9ffffff,871e8050effffff,617,1277,44.84495968552376,83.99848099311873
871e80421ffffff,871e862e9ffffff,529,926,62.87214868921263,113.7247167613773
871e8052cffffff,871e8050affffff,1349,1366,19.007647565751835,40.13253192375328
871e80424ffffff,871e8051effffff,1036,1097,16.136308150018316,26.22009434222014
871e8052effffff,871e80518ffffff,1256,1357,25.46059041745366,42.89981435708543
871e80528ffffff,871e8050bffffff,1143,1329,20.433061326527156,42.59255435267776
871e8050cffffff,871e80505ffffff,975,1219,10.117445837840279,15.937823478484908
871e80cdaffffff,871e80500ffffff,724,1331,22.966723907505862,46.02721866381006
871e8625effffff,871e80428ffffff,889,1025,52.93250459217916,152.77131397589798
871e805a9ffffff,871e8050dffffff,1349,1355,25.531070634130845,46.45374957173257
871e805aeffffff,871e80420ffffff,1111,1135,28.99998211326883,51.10362700939695
871e80522ffffff,871e8050bffffff,529,668,27.537384728516255,56.18792665843963
871e80520ffffff,871e80525ffffff,557,1107,8.16699318162344,8.575827667522566
871e80553ffffff,871e8042effffff,1301,1345,11.694506094895747,18.25533582148845
871e80505ffffff,871e8052bffffff,492,1191,12.734929581969094,20.458978290457615
871e8042affffff,871e8052affffff,915,1076,28.468398534922574,71.69870417287224
871e80572ffffff,871e80428ffffff,754,986,24.80119543040423,43.57387237305556
871e8042affffff,871e8042cffffff,521,929,9.21603873258762,15.811267436771196
871e805adffffff,871e805b4ffffff,1028,1344,32.48997707388905,69.92961679291685
871e80504ffffff,871e8050cffffff,809,942,14.72685828850157,30.085276692522417
871e80529ffffff,871e80421ffffff,725,1357,27.14423170273727,59.43802053249399
871e8050bffffff,871e80552ffffff,1216,1223,10.072909049396213,14.509230456908924
871e80424ffffff,871e80420ffffff,1353,1369,7.727213296064121,11.290101261926868
871e80435ffffff,871e80426ffffff,1121,1360,7.393507994599522,10.053321257849788
871e80505ffffff,871e80500ffffff,690,1039,8.081152990315701,8.077880938563432
871e80cd6ffffff,871e8050affffff,804,868,33.84922773145507,70.42469548237594
871e8042affffff,871e8052affffff,898,1209,33.891183658745476,74.58553648663343
871e8050affffff,871e86258ffffff,722,964,35.35909569168663,74.30776021948174
871e80570ffffff,871e80518ffffff,850,1055,27.869649203206944,50.671681548929385
871e80518ffffff,871e805adffffff,964,1146,11.291623872680052,17.925258912409184
871e8042cffffff,871e80428ffffff,572,1019,7.397730160227165,11.402073410942712
871e80504ffffff,871e80522ffffff,1237,1306,6.588351706892135,8.792350619464328
871e8052affffff,871e80424ffffff,1328,1331,21.511080483160292,46.06312097357906
871e8625effffff,871e805a6ffffff,1256,1280,12.844311190383827,27.708301706017938
871e8050effffff,871e8050cffffff,1056,1238,7.942124378270128,11.251414453986587
871e8051dffffff,871e80425ffffff,926,1071,12.84550594794356,31.741783220858405
871e8625affffff,871e8050affffff,590,1333,50.55668914638389,82.12051802164805
871e80cdcffffff,871e80522ffffff,1187,1297,27.22559024553635,49.61322110851222
871e8052bffffff,871e86251ffffff,879,1045,54.48621141383514,98.61487078431223
871e8051cffffff,871e80425ffffff,1367,1369,16.884583674153834,29.424827972033857
871e80503ffffff,871e805a0ffffff,614,957,25.78642976548886,65.08832396306306
871e80519ffffff,871e80405ffffff,1046,1235,18.923799699996334,32.31742357850824
871e80546ffffff,871e80503ffffff,1245,1256,31.840303674048187,51.06271171876879
871e80555ffffff,871e86253ffffff,1321,1349,55.00085577993195,156.7934855194339
871e80435ffffff,871e80524ffffff,1344,1372,38.45552925268062,78.37468271451277
871e80585ffffff,871e805a1ffffff,543,685,11.556494125243738,16.593686750906762
871e80523ffffff,871e80421ffffff,820,1030,29.25321355270091,81.145830486917
871e862edffffff,871e80505ffffff,505,1218,50.46633965307813,82.18383912926801
871e80518ffffff,871e80521ffffff,902,1082,22.91775642815106,42.1589788542215
871e805b3ffffff,871e80574ffffff,500,1226,66.32458322235362,150.08701700493643
871e8052affffff,871e805b1ffffff,758,887,48.89376767079224,99.88629057009653
871e80508ffffff,871e8625effffff,954,1326,45.34601010786247,86.57625698274477
871e805a0ffffff,871e805a9ffffff,979,1114,17.814085178078354,46.274554852380994
871e80523ffffff,871e80505ffffff,637,1153,7.081295012390384,8.48990916965893
871e80423ffffff,871e80525ffffff,648,1156,43.97247995932202,101.63165048012071
871e80505ffffff,871e8050effffff,492,1333,11.296430129335931,15.754527524516792
871e86259ffffff,871e862e9ffffff,878,998,14.10271464418805,28.3063469352837
871e86258ffffff,871e8050cffffff,1044,1221,40.101558239558784,88.7966210117423
871e80576ffffff,871e86258ffffff,1012,1173,52.044768997753145,86.15151647929694
871e8050effffff,871e80529ffffff,1176,1214,18.295764545314178,33.41439814720239
871e80425ffffff,871e805b1ffffff,1251,1282,43.03774752564169,71.96512641936748
871e8042effffff,871e80425ffffff,1170,1376,11.436780893750718,22.704195038138717
871e80cdcffffff,871e80430ffffff,618,1206,41.516228986555696,91.09052518282508
871e80421ffffff,871e80518ffffff,583,1043,17.20386842076264,39.11432601823987
871e80576ffffff,871e80423ffffff,1007,1036,24.423095949711893,60.84368691331404
871e80524ffffff,871e80528ffffff,973,1192,18.651579396450217,32.63115053240573
871e80505ffffff,871e80552ffffff,1294,1366,24.992168615966747,53.75847706211999
871e8051cffffff,871e805b6ffffff,982,1259,33.53777675777959,68.42504765353861
871e80502ffffff,871e805acffffff,1043,1094,18.90188913296967,32.70358630563766
871e8051affffff,871e8050affffff,1180,1255,14.316809820155056,21.793535113730425
871e8050cffffff,871e80434ffffff,1304,1339,23.60470165871769,41.95809750874964
871e8052bffffff,871e805acffffff,858,927,31.163803709381305,60.98771790601355
871e80523ffffff,871e8625cffffff,916,1297,41.56316259601183,83.40240354147888
871e8050dffffff,871e80528ffffff,711,1256,10.516683626623927,16.147557512972647
871e8050effffff,871e8051affffff,498,613,15.03595063474774,26.60677078925039
871e80431ffffff,871e80523ffffff,948,1103,33.468053500734314,70.0987542022539
871e86251ffffff,871e86259ffffff,750,843,14.061493265355534,21.470336792295495
871e80573ffffff,871e8050cffffff,807,1002,18.263662140920097,29.402074134298598
871e8042affffff,871e8051effffff,1326,1375,30.211111407023164,51.661618039815906
871e8050bffffff,871e80513ffffff,782,1012,19.859375386866322,45.87203895517177
871e86258ffffff,871e80cdaffffff,847,1128,46.421785061343144,96.77546339745395
871e80520ffffff,871e8051affffff,1236,1267,25.266680879042426,63.854402477391446
871e8050dffffff,871e8051dffffff,968,1171,13.533476257863429,26.43283795134834
871e80525ffffff,871e8052dffffff,1127,1274,16.489088234622677,30.070833437992512
871e80576ffffff,871e8050effffff,966,1295,16.907314410910097,32.24727623703816
871e8625cffffff,871e8051affffff,955,1354,39.37155738654731,90.52210394482861
871e8042affffff,871e8050effffff,949,1026,25.780250827065757,61.62107834969096
871e80434ffffff,871e8625bffffff,574,1259,37.42171453256086,62.95212519758471
871e80542ffffff,871e80576ffffff,1293,1363,19.50527532792831,34.20622332742879
871e80cd0ffffff,871e80423ffffff,1300,1348,35.77611637602329,93.90758417981468
871e8050dffffff,871e80cd2ffffff,828,1188,19.754999734892014,43.77987070917338
871e8050cffffff,871e80573ffffff,1276,1358,15.647466185484861,31.372803852848154
871e80518ffffff,871e80551ffffff,1083,1267,29.793817638083226,52.637063741131236
871e805b0ffffff,871e80500ffffff,781,1010,36.78272011619829,68.617914289061
871e8051affffff,871e80525ffffff,792,1126,29.67114285241434,74.41905807120497
871e8042cffffff,871e80505ffffff,1241,1253,25.6288273409649,50.49636745116631
871e8051bffffff,871e80cf3ffffff,870,1340,44.69788391937964,78.59285359634579
871e80c8bffffff,871e8042cffffff,1305,1321,46.89385609885726,81.25782381002473
871e80524ffffff,871e862edffffff,644,892,43.34647833315907,94.3926162343078
871e80cc2ffffff,871e80431ffffff,1272,1302,43.98012550691264,87.5058739280896
871e80503ffffff,871e8625effffff,550,1104,36.75989797802624,65.76346555470138
871e80553ffffff,871e80554ffffff,540,1294,10.301597732762648,18.16240547069865
871e805a3ffffff,871e80504ffffff,751,1167,25.088636990202744,56.55306194763727
871e80555ffffff,871e80cdaffffff,890,1271,22.10836415223928,31.235973471969437
871e80504ffffff,871e80523ffffff,1113,1153,7.272101531173711,11.803078011035412
871e80405ffffff,871e80428ffffff,1047,1302,9.393508426320103,14.5084632013935
871e80528ffffff,871e8051cffffff,671,850,18.487913125104047,36.19445286078835
871e80522ffffff,871e80570ffffff,784,1235,29.220933846950977,67.82984608627697
871e8051dffffff,871e80551ffffff,629,1318,21.49067583258251,47.9289668711459
871e8050effffff,871e80420ffffff,1343,1378,16.42244699497072,26.509223490449976
871e8050effffff,871e805a2ffffff,1252,1274,30.99798373609763,56.171679945560754
871e8625effffff,871e80523ffffff,573,962,45.8631648689694,77.77062569878464
871e80424ffffff,871e8052dffffff,612,655,25.71773360875656,64.59620607146228
871e80502ffffff,871e80423ffffff,965,970,27.97018358293884,51.82368391810876
871e805b6ffffff,871e80519ffffff,906,1329,40.19694762052674,82.19212245165927
871e80cdaffffff,871e80515ffffff,1359,1367,35.08256858413685,54.77541294993251
871e80431ffffff,871e8052dffffff,1100,1301,39.009589274117786,63.123504919773936
871e80423ffffff,871e8625bffffff,1239,1342,49.12931744336707,93.11544297565781
871e8050bffffff,871e80525ffffff,553,833,33.756956823583394,47.467660021065015
871e80519ffffff,871e805b4ffffff,962,1358,35.85345185880965,70.11728689760766
871e80519ffffff,871e80501ffffff,1151,1173,14.990397377996828,24.43872077085608
871e8051dffffff,871e80584ffffff,614,700,28.73905377679087,49.26602561062271
871e80503ffffff,871e80524ffffff,1178,1204,20.989057714199568,44.09711186395372
871e80555ffffff,871e8051cffffff,661,1359,27.453271343384916,55.16545913779612
871e80528ffffff,871e80500ffffff,1171,1362,12.957472067197655,28.811543490357074
871e80421ffffff,871e80572ffffff,785,943,20.721830731457942,29.104891345780604
871e862edffffff,871e80520ffffff,948,1158,40.34313833081935,110.43290892491683
871e8051dffffff,871e805a8ffffff,864,1251,18.112071897112116,40.907315668464996
871e80576ffffff,871e8052affffff,542,1163,13.366762419270108,18.898419235910353
871e805a0ffffff,871e862edffffff,1091,1160,22.79770328436669,39.294337246963416
871e80405ffffff,871e8051affffff,689,829,19.590786639838452,40.457971774427115
871e8050dffffff,871e80585ffffff,640,838,37.732692171984624,98.73830893583578
871e8042effffff,871e80519ffffff,1323,1365,15.412883554385695,27.742129599961675
871e8625effffff,871e80511ffffff,1223,1364,37.42236853574943,60.850456213665474
871e8050bffffff,871e80431ffffff,656,1369,20.953500684856277,33.75500356178515
871e8042affffff,871e8052cffffff,1233,1354,35.15886621852005,98.02374804832552
871e862edffffff,871e805b6ffffff,841,1109,12.521880357353732,16.472442214347666
871e805a3ffffff,871e8625bffffff,1362,1379,16.544375750945676,30.578679929004448
871e80519ffffff,871e80531ffffff,869,1322,24.254179408565502,42.044490532281685
871e805adffffff,871e86251ffffff,1071,1363,32.770303837845475,91.4689838083123
871e8625bffffff,871e805aeffffff,1063,1379,21.245965878737337,33.73517157326352
871e80513ffffff,871e8050affffff,1110,1147,19.448493525025356,34.244581312621975
871e80508ffffff,871e8625affffff,1279,1285,52.36344301256857,117.68111059981865
871e805b1ffffff,871e80511ffffff,540,1360,25.487283880781185,69.76701829078729
871e805a0ffffff,871e8625cffffff,1074,1257,20.93337263700659,35.585433440998145
871e8625cffffff,871e8042effffff,856,977,62.21257430214841,135.34126211435205
871e80528ffffff,871e805a9ffffff,946,1254,35.434881733695576,75.35803094002594
871e80515ffffff,871e8050affffff,910,970,18.2777805982847,34.233502167454006
871e80431ffffff,871e8050cffffff,806,1002,26.925037275425353,64.70114352319261
871e8052dffffff,871e80554ffffff,784,1091,21.429626977172553,44.50281627081162
871e80509ffffff,871e80505ffffff,1055,1355,16.629553891942322,31.841354135596845
871e8051bffffff,871e80431ffffff,1042,1083,12.640008719967314,17.90076622394762
871e8051dffffff,871e8625effffff,682,958,44.61256677495144,95.87800574749744
871e80421ffffff,871e86253ffffff,1074,1349,66.33336509610658,110.10732547602464
871e80cd2ffffff,871e86259ffffff,524,954,47.917308804373434,73.27596866367718
871e80573ffffff,871e8625affffff,873,884,50.43111692133098,114.6961553962068
871e80570ffffff,871e8625cffffff,1343,1366,52.05860242661655,130.0734950811401
871e805b3ffffff,871e8052dffffff,1128,1254,58.46750877461463,155.87811013093977
871e8050bffffff,871e805b4ffffff,579,1288,51.82102541824265,80.4372416076054
871e805b6ffffff,871e805b3ffffff,875,1337,10.779729802066301,19.079633124366246
871e80424ffffff,871e80509ffffff,1243,1325,12.486834374870995,21.984938895004234
871e8051dffffff,871e80500ffffff,979,1052,11.911446077743056,16.310461351969316
871e80420ffffff,871e80431ffffff,1347,1371,10.386752824319418,16.784784390999235
871e805aaffffff,871e8050dffffff,633,1166,35.77738763581001,84.2517938100936
871e80504ffffff,871e8051dffffff,1008,1197,16.501314977996635,24.281771592079984
871e80420ffffff,871e80574ffffff,635,851,24.44971508492438,42.15211394955627
871e8050effffff,871e80508ffffff,1242,1342,6.725651639044338,9.93122615599311
871e80531ffffff,871e86259ffffff,1086,1300,22.967662413588098,43.02355468993081
871e8042affffff,871e805b4ffffff,601,1325,59.73817737081031,120.4613048826089
871e80546ffffff,871e86251ffffff,638,939,73.7633739811337,116.07127885909009
871e80520ffffff,871e80581ffffff,1159,1226,41.5355663734132,91.01265834752466
871e80434ffffff,871e80505ffffff,646,1360,29.597574220906772,42.59369026445918
871e805b5ffffff,871e80519ffffff,1017,1186,35.48854162327581,80.21217293182835
871e805b0ffffff,871e80421ffffff,786,1214,54.931602811776756,127.29888061041513
871e8051dffffff,871e8052cffffff,700,1085,23.115557359772705,38.609838505489776
871e86258ffffff,871e80515ffffff,1045,1079,30.139619529395247,67.84317337626457
871e8051affffff,871e80503ffffff,783,1372,16.21282572588681,26.10319330579315
871e80523ffffff,871e80cd1ffffff,1168,1330,21.02792265007344,34.61762384605338
871e80426ffffff,871e80576ffffff,1328,1363,22.94175849840897,55.66613949515266
871e805b5ffffff,871e80586ffffff,968,1090,12.608045356100726,20.679454886151596
871e8050affffff,871e805b5ffffff,917,946,37.81886327991556,80.43841219816257
871e80501ffffff,871e80585ffffff,848,953,37.80048795941157,60.80398642321899
871e8625effffff,871e80506ffffff,1376,1379,37.22877780402511,85.841723798718
871e8051cffffff,871e8050dffffff,866,1181,18.953454890961062,35.04487879274541
871e80585ffffff,871e80434ffffff,879,1010,20.189976069185093,38.724775314516634
871e8625bffffff,871e80574ffffff,940,1187,56.096534850662714,123.45096177743903
871e80584ffffff,871e8051dffffff,1361,1368,28.21122629307175,56.00400087376187
871e80508ffffff,871e805b0ffffff,930,1094,45.63855644971585,126.49918019017028
871e80550ffffff,871e86258ffffff,483,1107,64.28383685479156,120.16773902914727
